RSSD,report,file_date,BAL_1a1,BAL_1a2,BAL_1a,BAL_1b,BAL_1c1,BAL_1c2a,BAL_1c2b,BAL_1c,BAL_1d,BAL_1e1,BAL_1e2,BAL_1e,BAL_2a,BAL_2b,BAL_2,BAL_3,BAL_4,BAL_4a,BAL_4b,BAL_6,BAL_6a,BAL_6b,BAL_6c,BAL_6d,BAL_7,BAL_9a,BAL_9b1,BAL_9b2,BAL_10,BAL_10a,BAL_10b,BAL_11,BAL_12,BAL_8
1097089,y9c,2001-03-31, , ,44505,37852,2276,135117,9158,146551,10231, , ,139148,0,0,0,14530,67658,67658,0,55080,0,0,55080, ,0, , , ,166, , ,0,520852, 
1097089,y9c,2001-06-30, , ,44566,43482,2066,140294,9461,151821,9393, , ,158652,0,0,0,12865,66869,66869,0,55765,0,0,55765, ,0, , , ,159, , ,0,547520, 
1097089,y9c,2001-09-30, , ,48445,44020,2152,139708,9456,151316,13192, , ,171176,0,0,0,13717,71030,71030,0,55963,0,0,55963, ,0, , , ,150, , ,0,572896, 
1097089,y9c,2001-12-31, , ,51140,45303,1984,156323,9251,167558,20850, , ,180257,0,0,0,12866,78324,78324,0,55805,0,0,55805, ,0, , , ,144, , ,0,616076, 
1097089,y9c,2002-03-31, , ,53037,49131,2576,150112,9846,162534,23933, , ,180345,0,0,0,14095,74316,74316,0,54402,0,0,54402, ,0, , , ,144, , ,0,616695, 
1097089,y9c,2002-06-30, , ,55502,53863,2444,157233,9465,169142,26780, , ,190860,0,0,0,15280,77295,77295,0,53407,0,0,53407, ,0, , , ,137, , ,0,647113, 
1097089,y9c,2002-09-30, , ,62346,56183,2365,166071,9254,177690,29187, , ,200365,0,0,0,15753,86876,86876,0,53428,0,0,53428, ,0, , , ,127, , ,0,686840, 
1097089,y9c,2002-12-31, , ,65474,57525,2569,172012,9106,183687,28555, , ,212481,0,0,0,15388,95951,95951,0,54097,0,0,54097, ,0, , , ,121, , ,0,717895, 
1097089,y9c,2003-03-31, , ,74208,59236,3314,171944,9690,184948,31090, , ,220725,0,0,0,15514,86448,86448,0,54382,0,0,54382, ,0, , , ,121, , ,0,731586, 
1097089,y9c,2003-06-30, , ,93608,61657,5096,197103,10667,212866,31045, , ,249764,0,0,0,16973,94810,94810,0,60567,0,0,60567, ,0, , , ,114, , ,0,825726, 
1097089,y9c,2003-09-30, , ,105421,59388,5688,194449,10942,211079,31692, , ,268357,0,0,0,16779,98923,98923,0,63491,0,0,63491, ,0, , , ,803, , ,0,860051, 
1097089,y9c,2003-12-31, , ,117835,61500,6372,200924,11555,218851,23657, , ,285451,0,0,0,15266,111978,111978,0,64831,0,0,64831, ,0, , , ,3719, , ,0,909147, 
1097089,y9c,2004-03-31, , ,146236,60293,6826,208064,12649,227539,24314, , ,299309,0,0,0,15687,100220,100220,0,67247,0,0,67247, ,0, , , ,6678, , ,0,951037, 
1097089,y9c,2004-06-30, , ,189066,60940,7149,213355,14082,234586,26424, , ,309140,0,0,0,16989,96415,96415,0,70309,0,0,70309, ,0, , , ,13394, , ,0,1021199, 
1097089,y9c,2004-09-30, , ,212061,65772,8485,221984,15355,245824,27701, , ,314094,0,0,0,17413,97936,97936,0,73306,0,0,73306, ,0, , , ,16169, , ,0,1073754, 
1097089,y9c,2004-12-31, , ,242590,66061,8964,223125,16346,248435,31608, , ,330442,0,0,0,18520,100642,100642,0,73420,0,0,73420, ,0, , , ,19391, , ,0,1134591, 
1097089,y9c,2005-03-31, , ,223472,70477,8179,228625,16192,252996,36601, , ,371226,0,0,0,19276,100707,100707,0,73821,0,0,73821, ,0, , , ,23651, , ,0,1175683, 
1097089,y9c,2005-06-30, , ,254712,68674,8956,236453,16967,262376,34341, , ,372322,0,0,0,19949,102335,102335,0,75956,0,0,75956, ,0, , , ,27717, , ,0,1221840, 
1097089,y9c,2005-09-30, , ,330675,69413,9449,246818,17219,273486,38447, , ,378420,0,0,0,20052,106206,106206,0,78267,0,0,78267, ,0, , , ,32571, , ,0,1330724, 
1097089,y9c,2005-12-31, , ,353552,74644,11384,243105,17500,271989,44417, , ,375628,0,0,0,20605,109459,109459,0,78916,0,0,78916, ,0, , , ,38118, , ,0,1370723, 
1097089,y9c,2006-03-31, , ,411769,75533,12800,240962,17577,271339,30514, , ,375699,0,0,0,21164,115044,115044,0,78288,0,0,78288, ,0, ,856, ,42394, , ,0,1424373, 
1097089,y9c,2006-06-30, , ,437408,78034,13159,247556,17057,277772,41649, , ,427853,0,0,0,23245,136245,136245,0,82322,0,0,82322, ,0, ,299, ,47280, , ,0,1553893, 
1097089,y9c,2006-09-30, , ,449464,83090,15455,254378,19027,288860,42531, , ,430415,0,0,0,23437,141164,141164,0,84723,0,0,84723, ,0, ,71, ,49246, , ,0,1594942, 
1097089,y9c,2006-12-31, , ,514899,88021,17969,244737,18694,281400,50202, , ,433998,0,0,0,22298,148853,148853,0,86048,0,0,86048, ,0, ,66, ,49728, , ,0,1677389, 
1097089,y9c,2007-03-31,119019,398640,517659,93431,17513,246861,18604,282978,72662,249819,185173,434992,0,0,0,21868,162422,162422,0,85191,0,0,85191, ,0, ,65, ,50902,0,50902,0,1723882, 
1097089,y9c,2007-06-30,126996,437069,564065,94595,17962,241209,17669,276840,61580,251390,174344,425734,0,0,0,22727,172051,172051,0,85787,0,0,85787, ,0, ,64, ,51438,0,51438,0,1756383, 
1097089,y9c,2007-09-30,131431,467561,598992,95547,19038,240756,17446,277240,69239,247350,191491,438841,0,0,0,22815,171601,171601,0,88129,0,0,88129, ,0, ,59, ,51606,0,51606,0,1815934, 
1097089,y9c,2007-12-31,129418,555357,684775,91810,19207,241786,18382,279375,31414,256723,188580,445303,0,0,0,22439,173128,173128,0,87867,0,0,87867, ,0, ,57, ,53446,0,53446,0,1871135, 
1097089,y9c,2008-03-31,159454,623938,783392,88888,19266,240727,18461,278454,47586,253340,190580,443920,0,0,0,22464,176777,176777,0,84850,0,0,84850, ,0, ,1767, ,52225,0,52225,0,1981663, 
1097089,y9c,2008-06-30,149881,524218,674099,87793,18802,240777,17379,276958,99346,295806,212771,508577,0,0,0,22460,205248,205248,0,82653,0,0,82653, ,0, ,1676, ,51948,0,51948,0,2011921, 
1097089,y9c,2008-09-30,113247,559955,673202,90341,19176,240220,16953,276349,101489,330090,225526,555616,0,0,0,21382,203445,203445,0,79521,0,0,79521, ,0, ,1580, ,51128,0,51128,0,2055400, 
1097089,y9c,2008-12-31,109561,584966,694527,84432,19254,240250,15777,275281,61668,326380,225441,551821,0,0,0,19460,206058,206058,0,75015,0,0,75015, ,0, ,1506, ,50250,0,50250,0,2021199, 
1097089,y9c,2009-03-31,96858,594506,691364,83604,18462,236900,15195,270557,60028,321836,227827,549663,0,0,0,18917,196113,196113,0,71779,0,0,71779, ,0, ,1434, ,46146,0,46146,0,1990946, 
1097089,y9c,2009-06-30,86294,532059,618353,82390,19660,245949,15422,281031,59537,320959,317171,638130,0,0,0,18552,182638,182638,0,69768,0,0,69768, ,0, ,1350, ,44119,0,44119,0,1996964, 
1097089,y9c,2009-09-30,85234,501740,586974,84113,20722,248164,14448,283334,49729,307650,328087,635737,0,0,0,17177,162004,162004,0,67384,0,0,67384, ,0, ,1270, ,42368,0,42368,0,1931372, 
1097089,y9c,2009-12-31,74223,526119,600342,86237,22065,245737,14931,282733,55860,298509,308371,606880,0,0,0,15509,150208,150208,0,63561,0,0,63561, ,0, ,1177, ,40353,0,40353,0,1904104, 
1097089,y9c,2010-03-31,75714,550598,626312,91440,26604,273965,17557,318126,64912,323760,338428,662188,0,0,0,14946,141781,141781,0,61928,0,0,61928, ,0,0,1136,1313,40222,0,40222,0,2024304, 
1097089,y9c,2010-06-30,68423,549994,618417,85297,23670,272038,17304,313012,70325,318432,370316,688748,0,0,0,13930,135532,135532,0,58699,0,69,58630, ,0,0,1092,1371,41173,0,41173,0,2027596, 
1097089,y9c,2010-09-30,68523,518124,586647,95305,32334,330382,23134,385850,113940,359545,474445,833990,0,0,0,11984,150708,150708,0,58766,0,147,58619, ,0,0,981,3676,41571,0,41571,0,2283418, 
1097089,y9c,2010-12-31,70662,535229,605891,91433,33699,344743,20805,399247,114644,412172,480811,892983,0,0,0,10034,137685,137685,0,56215,918,456,54841, ,0,0,1558,1530,42754,0,42754,0,2353974, 
1097089,y9c,2011-03-31,68132,511468,579600,88870,33665,351812,22279,407756,140438,399141,492845,891986,0,0,0,9095,134784,134784,0,51448,827,528,28637,21456,0,0,755,1385,45844,0,45844,0,2351961, 
1097089,y9c,2011-06-30,79181,573101,652282,104920,41825,414986,23866,480677,149899,496892,557983,1054875,0,0,0,11884,147769,147769,0,53674,787,526,25316,27045,0,0,2588,2186,50071,0,50071,0,2710825, 
1097089,y9c,2011-09-30,66165,547649,613814,103095,36851,410954,23758,471563,180426,419016,660207,1079223,0,0,0,10839,165714,165714,0,45433,0,255,22792,22386,0,0,2891,2256,52957,0,52957,0,2728211, 
1097089,y9c,2011-12-31,59179,579799,638978,95262,34240,405507,23347,463094,158025,395540,682983,1078523,0,0,0,9128,150428,150428,0,41120,0,642,21384,19094,0,0,954,1949,54745,0,54745,0,2692206, 
1097089,y9c,2012-03-31,62221,563961,626182,80545,31683,397988,22484,452155,142835,382062,722876,1104938,0,0,0,8022,135565,135565,0,38013,0,585,18551,18877,0,0,2202,1769,56691,0,56691,0,2648917, 
1097089,y9c,2012-06-30,63133,585608,648741,76538,31091,385588,25959,442638,130686,374288,757877,1132165,0,0,0,7882,155454,155454,0,35639,0,830,17976,16833,0,1206,932,598,60928,0,60928,0,2693407, 
1097089,y9c,2012-09-30,62398,622512,684910,74495,27956,386349,25310,439615,116783,352880,758255,1111135,0,0,0,7690,150201,150201,0,32989,0,498,15444,17047,0,0,985,1605,65395,0,65395,0,2685803, 
1097089,y9c,2012-12-31,59776,624087,683863,70309,25450,373946,25065,424461,151944,355623,740387,1096010,0,0,0,6680,178619,178619,0,31494,0,494,13904,17096,0,0,939,1649,68022,0,68022,0,2713990, 
1097089,y9c,2013-03-31,61016,657843,718859,69695,23968,370771,24414,419153,152611,348161,744977,1093138,0,0,0,8640,145050,145050,0,32437,0,677,13219,18541,0,26815,804,1488,71420,0,71420,0,2740110, 
1097089,y9c,2013-06-30,66648,692428,759076,67583,25871,362376,23403,411650,155376,357228,895798,1253026,0,0,0,7306,153536,153536,0,32385,0,827,11331,20227,0,35814,541,1875,76953,0,76953,0,2955121, 
1097089,y9c,2013-09-30,74682,725772,800454,70366,61914,420643,25654,508211,191284,452200,944598,1396798,0,0,0,8557,162321,162321,0,36611,0,1655,11581,23375,0,63439,377,10564,81984,0,81984,0,3330966, 
1097089,y9c,2013-12-31,75240,720693,795933,65864,61823,406481,23390,491694,234713,423976,996794,1420770,0,0,0,7866,157721,157721,0,33147,0,1448,10138,21561,0,36991,334,25725,86321,0,86321,0,3357079, 
1097089,y9c,2014-03-31,87787,802261,890048,65054,61152,411011,21213,493376,221621,444129,1053173,1497302,0,0,0,6297,183860,183860,0,30471,0,1305,9243,19923,0,65765,290,25051,92856,0,92856,0,3571991, 
1097089,y9c,2014-06-30,121004,1064191,1185195,106182,81498,549284,26720,657502,179275,595649,1308113,1903762,0,0,0,16328,280165,280165,0,54544,0,1755,14307,38482,0,59141,247,26232,107081,0,107081,0,4575654, 
1097089,y9c,2014-09-30,156272,1214500,1370772,101005,81969,537795,26123,645887,161302,595788,1371104,1966892,0,0,0,15984,395347,395347,0,45927,0,1202,13775,30950,0,72342,204,26731,116540,0,116540,0,4918933, 
1097089,y9c,2014-12-31,138051,1373564,1511615,95223,79764,534576,24617,638957,253589,593695,1414736,2008431,0,0,0,13754,356532,356532,0,40938,0,904,12341,27693,0,60549,159,27889,120165,0,120165,0,5127801, 
1097089,y9c,2015-03-31,145552,1607604,1753156,86890,74686,572934,24323,671943,416220,601022,2251372,2852394,0,0,0,13051,309771,309771,0,36831,0,715,11524,24592,0,55881,129,30677,126326,0,126326,0,6353269, 
1097089,y9c,2015-06-30,151157,1810826,1961983,80402,65966,556530,23472,645968,477014,591713,2259194,2850907,0,0,0,13891,306244,306244,0,34889,0,578,11073,23238,0,55839,252,29436,137146,0,137146,0,6593971, 
1097089,y9c,2015-09-30,251638,2244117,2495755,79833,91417,631661,20392,743470,458349,712681,2302521,3015202,0,0,0,12985,316864,316864,0,36301,0,434,12461,23406,0,76619,210,22660,148532,0,148532,0,7406780, 
1097089,y9c,2015-12-31,261143,2612254,2873397,94358,90857,626720,19630,737207,580325,675407,2471006,3146413,0,0,0,10906,294992,294992,0,35231,0,1050,11127,23054,0,392600,160,21346,147735,0,147735,0,8334670, 
1097089,y9c,2016-03-31,200481,2942311,3142792,97246,89497,626870,18797,735164,789099,638807,2916176,3554983,0,0,0,9378,290648,290648,0,34179,0,808,10690,22681,0,454876,27,21001,140296,0,140296,0,9269689, 
1097089,y9c,2016-06-30,211097,3426932,3638029,103542,90066,619510,18011,727587,696237,636119,2982305,3618424,0,0,0,10682,290410,290410,0,33199,0,779,9844,22576,0,457216,26,20877,133775,0,133775,0,9730004, 
1097089,y9c,2016-09-30,1256481,3579260,4835741,121134,179760,1058789,31509,1270058,848771,1142217,3709020,4851237,0,0,0,11526,477906,477906,0,990639,0,3230,353031,634378,0,590094,27,30818,131646,0,131646,0,14159597, 
1097089,y9c,2016-12-31,1431509,3864351,5295860,124857,175101,1051647,32541,1259289,744005,1082770,3582631,4665401,0,0,0,9710,441699,441699,0,1028992,0,3310,317189,708493,0,832156,27,23932,137188,0,137188,0,14563116, 
1097089,y9c,2017-03-31,1598741,3700424,5299165,134591,183452,1041771,27063,1252286,838806,1050820,3713466,4764286,0,0,0,8886,365973,365973,0,1097938,0,3329,284161,810448,0,877317,23,22703,134947,0,134947,0,14796921, 
107244,041,2017-06-30,1771647,3734413,5506060,140739,176157,1014210,27607,1217974,884177,1035375,3877229,4912604,0,0,0,10651,425054,425054,0,1220639,0,3718,252773,964148, ,706632,23,2213,137146,0,137146,0,15184342,20430
107244,041,2017-09-30,1788661,4392215,6180876,149801,173189,981629,27173,1181991,651914,1042398,3648529,4690927,0,0,0,9865,524858,524858,0,1341279,0,3681,223095,1114503, ,883554,23,3253,138797,0,138797,0,15778630,21492
107244,041,2017-12-31,1985910,4662151,6648061,150003,177912,970318,26197,1174427,508514,961488,3517388,4478876,0,0,0,13218,738027,738027,0,1472593,0,4111,197554,1270928, ,829638,23,2431,0,0,0,0,16043029,27218
