Date,FHHOLDQ_FEDB.IUSA,FHHOLDQ_FEDM.IUSA,FHHOLDQ_FEDS.IUSA,RVBacq,UNBacq,Q3_2010acq,CSBacq,OBacq,Q2_2011acq,GBIacq,FNBSacq,BCSacq,SBIacq,IBCacq,BCCacq,Q3_2016acq
6/30/1910,20333.33003,20333.33003,20333.33003,0,0,0,0,0,0,0,0,0,0,0,0,0
9/30/1910,20444.89857,20444.89857,20444.89857,0,0,0,0,0,0,0,0,0,0,0,0,0
12/31/1910,20548.58198,20548.58198,20548.58198,0,0,0,0,0,0,0,0,0,0,0,0,0
3/31/1911,20647.42928,20647.42928,20647.42928,0,0,0,0,0,0,0,0,0,0,0,0,0
6/30/1911,20744.49919,20744.49919,20744.49919,0,0,0,0,0,0,0,0,0,0,0,0,0
9/30/1911,20842.65276,20842.65276,20842.65276,0,0,0,0,0,0,0,0,0,0,0,0,0
12/31/1911,20943.91904,20943.91904,20943.91904,0,0,0,0,0,0,0,0,0,0,0,0,0
3/31/1912,21050.12622,21050.12622,21050.12622,0,0,0,0,0,0,0,0,0,0,0,0,0
6/30/1912,21163.10687,21163.10687,21163.10687,0,0,0,0,0,0,0,0,0,0,0,0,0
9/30/1912,21284.05921,21284.05921,21284.05921,0,0,0,0,0,0,0,0,0,0,0,0,0
12/31/1912,21411.60808,21411.60808,21411.60808,0,0,0,0,0,0,0,0,0,0,0,0,0
3/31/1913,21543.7253,21543.7253,21543.7253,0,0,0,0,0,0,0,0,0,0,0,0,0
6/30/1913,21678.3774,21678.3774,21678.3774,0,0,0,0,0,0,0,0,0,0,0,0,0
9/30/1913,21813.45668,21813.45668,21813.45668,0,0,0,0,0,0,0,0,0,0,0,0,0
12/31/1913,21946.6015,21946.6015,21946.6015,0,0,0,0,0,0,0,0,0,0,0,0,0
3/31/1914,22075.37921,22075.37921,22075.37921,0,0,0,0,0,0,0,0,0,0,0,0,0
6/30/1914,22197.3427,22197.3427,22197.3427,0,0,0,0,0,0,0,0,0,0,0,0,0
9/30/1914,22310.84251,22310.84251,22310.84251,0,0,0,0,0,0,0,0,0,0,0,0,0
12/31/1914,22417.44617,22417.44617,22417.44617,0,0,0,0,0,0,0,0,0,0,0,0,0
3/31/1915,22519.53191,22519.53191,22519.53191,0,0,0,0,0,0,0,0,0,0,0,0,0
6/30/1915,22619.49231,22619.49231,22619.49231,0,0,0,0,0,0,0,0,0,0,0,0,0
9/30/1915,22719.65045,22719.65045,22719.65045,0,0,0,0,0,0,0,0,0,0,0,0,0
12/31/1915,22822.02315,22822.02315,22822.02315,0,0,0,0,0,0,0,0,0,0,0,0,0
3/31/1916,22928.55546,22928.55546,22928.55546,0,0,0,0,0,0,0,0,0,0,0,0,0
6/30/1916,23041.20091,23041.20091,23041.20091,0,0,0,0,0,0,0,0,0,0,0,0,0
9/30/1916,23159.58088,23159.58088,23159.58088,0,0,0,0,0,0,0,0,0,0,0,0,0
12/31/1916,23273.93477,23273.93477,23273.93477,0,0,0,0,0,0,0,0,0,0,0,0,0
3/31/1917,23372.11736,23372.11736,23372.11736,0,0,0,0,0,0,0,0,0,0,0,0,0
6/30/1917,23441.92164,23441.92164,23441.92164,0,0,0,0,0,0,0,0,0,0,0,0,0
9/30/1917,23476.43417,23476.43417,23476.43417,0,0,0,0,0,0,0,0,0,0,0,0,0
12/31/1917,23490.11256,23490.11256,23490.11256,0,0,0,0,0,0,0,0,0,0,0,0,0
3/31/1918,23502.83157,23502.83157,23502.83157,0,0,0,0,0,0,0,0,0,0,0,0,0
6/30/1918,23534.55974,23534.55974,23534.55974,0,0,0,0,0,0,0,0,0,0,0,0,0
9/30/1918,23600.48043,23600.48043,23600.48043,0,0,0,0,0,0,0,0,0,0,0,0,0
12/31/1918,23696.3177,23696.3177,23696.3177,0,0,0,0,0,0,0,0,0,0,0,0,0
3/31/1919,23812.88424,23812.88424,23812.88424,0,0,0,0,0,0,0,0,0,0,0,0,0
6/30/1919,23940.95067,23940.95067,23940.95067,0,0,0,0,0,0,0,0,0,0,0,0,0
9/30/1919,24073.05597,24073.05597,24073.05597,0,0,0,0,0,0,0,0,0,0,0,0,0
12/31/1919,24208.99266,24208.99266,24208.99266,0,0,0,0,0,0,0,0,0,0,0,0,0
3/31/1920,24350.38171,24350.38171,24350.38171,0,0,0,0,0,0,0,0,0,0,0,0,0
6/30/1920,24498.87438,24498.87438,24498.87438,0,0,0,0,0,0,0,0,0,0,0,0,0
9/30/1920,24654.80649,24654.80649,24654.80649,0,0,0,0,0,0,0,0,0,0,0,0,0
12/31/1920,24813.17953,24813.17953,24813.17953,0,0,0,0,0,0,0,0,0,0,0,0,0
3/31/1921,24967.61279,24967.61279,24967.61279,0,0,0,0,0,0,0,0,0,0,0,0,0
6/30/1921,25111.6773,25111.6773,25111.6773,0,0,0,0,0,0,0,0,0,0,0,0,0
9/30/1921,25241.15428,25241.15428,25241.15428,0,0,0,0,0,0,0,0,0,0,0,0,0
12/31/1921,25360.86066,25360.86066,25360.86066,0,0,0,0,0,0,0,0,0,0,0,0,0
3/31/1922,25477.91405,25477.91405,25477.91405,0,0,0,0,0,0,0,0,0,0,0,0,0
6/30/1922,25599.47054,25599.47054,25599.47054,0,0,0,0,0,0,0,0,0,0,0,0,0
9/30/1922,25731.29667,25731.29667,25731.29667,0,0,0,0,0,0,0,0,0,0,0,0,0
12/31/1922,25873.44023,25873.44023,25873.44023,0,0,0,0,0,0,0,0,0,0,0,0,0
3/31/1923,26024.50819,26024.50819,26024.50819,0,0,0,0,0,0,0,0,0,0,0,0,0
6/30/1923,26183.10297,26183.10297,26183.10297,0,0,0,0,0,0,0,0,0,0,0,0,0
9/30/1923,26347.36839,26347.36839,26347.36839,0,0,0,0,0,0,0,0,0,0,0,0,0
12/31/1923,26513.63784,26513.63784,26513.63784,0,0,0,0,0,0,0,0,0,0,0,0,0
3/31/1924,26677.77638,26677.77638,26677.77638,0,0,0,0,0,0,0,0,0,0,0,0,0
6/30/1924,26835.62968,26835.62968,26835.62968,0,0,0,0,0,0,0,0,0,0,0,0,0
9/30/1924,26984.1063,26984.1063,26984.1063,0,0,0,0,0,0,0,0,0,0,0,0,0
12/31/1924,27124.48099,27124.48099,27124.48099,0,0,0,0,0,0,0,0,0,0,0,0,0
3/31/1925,27259.1285,27259.1285,27259.1285,0,0,0,0,0,0,0,0,0,0,0,0,0
6/30/1925,27390.44066,27390.44066,27390.44066,0,0,0,0,0,0,0,0,0,0,0,0,0
9/30/1925,27520.58074,27520.58074,27520.58074,0,0,0,0,0,0,0,0,0,0,0,0,0
12/31/1925,27650.77143,27650.77143,27650.77143,0,0,0,0,0,0,0,0,0,0,0,0,0
3/31/1926,27782.00146,27782.00146,27782.00146,0,0,0,0,0,0,0,0,0,0,0,0,0
6/30/1926,27915.26509,27915.26509,27915.26509,0,0,0,0,0,0,0,0,0,0,0,0,0
9/30/1926,28051.15735,28051.15735,28051.15735,0,0,0,0,0,0,0,0,0,0,0,0,0
12/31/1926,28188.65101,28188.65101,28188.65101,0,0,0,0,0,0,0,0,0,0,0,0,0
3/31/1927,28326.31041,28326.31041,28326.31041,0,0,0,0,0,0,0,0,0,0,0,0,0
6/30/1927,28462.68389,28462.68389,28462.68389,0,0,0,0,0,0,0,0,0,0,0,0,0
9/30/1927,28596.49122,28596.49122,28596.49122,0,0,0,0,0,0,0,0,0,0,0,0,0
12/31/1927,28727.13686,28727.13686,28727.13686,0,0,0,0,0,0,0,0,0,0,0,0,0
3/31/1928,28854.19918,28854.19918,28854.19918,0,0,0,0,0,0,0,0,0,0,0,0,0
6/30/1928,28977.25668,28977.25668,28977.25668,0,0,0,0,0,0,0,0,0,0,0,0,0
9/30/1928,29096.25928,29096.25928,29096.25928,0,0,0,0,0,0,0,0,0,0,0,0,0
12/31/1928,29212.66178,29212.66178,29212.66178,0,0,0,0,0,0,0,0,0,0,0,0,0
3/31/1929,29328.28872,29328.28872,29328.28872,0,0,0,0,0,0,0,0,0,0,0,0,0
6/30/1929,29444.96466,29444.96466,29444.96466,0,0,0,0,0,0,0,0,0,0,0,0,0
9/30/1929,29564.07281,29564.07281,29564.07281,0,0,0,0,0,0,0,0,0,0,0,0,0
12/31/1929,29685.23143,29685.23143,29685.23143,0,0,0,0,0,0,0,0,0,0,0,0,0
3/31/1930,29807.64638,29807.64638,29807.64638,0,0,0,0,0,0,0,0,0,0,0,0,0
6/30/1930,29930.56372,29930.56372,29930.56372,0,0,0,0,0,0,0,0,0,0,0,0,0
9/30/1930,30053.28811,30053.28811,30053.28811,0,0,0,0,0,0,0,0,0,0,0,0,0
12/31/1930,30175.21696,30175.21696,30175.21696,0,0,0,0,0,0,0,0,0,0,0,0,0
3/31/1931,30295.73326,30295.73326,30295.73326,0,0,0,0,0,0,0,0,0,0,0,0,0
6/30/1931,30414.16831,30414.16831,30414.16831,0,0,0,0,0,0,0,0,0,0,0,0,0
9/30/1931,30530.02203,30530.02203,30530.02203,0,0,0,0,0,0,0,0,0,0,0,0,0
12/31/1931,30643.63996,30643.63996,30643.63996,0,0,0,0,0,0,0,0,0,0,0,0,0
3/31/1932,30755.59381,30755.59381,30755.59381,0,0,0,0,0,0,0,0,0,0,0,0,0
6/30/1932,30866.4684,30866.4684,30866.4684,0,0,0,0,0,0,0,0,0,0,0,0,0
9/30/1932,30976.84604,30976.84604,30976.84604,0,0,0,0,0,0,0,0,0,0,0,0,0
12/31/1932,31087.24108,31087.24108,31087.24108,0,0,0,0,0,0,0,0,0,0,0,0,0
3/31/1933,31198.15355,31198.15355,31198.15355,0,0,0,0,0,0,0,0,0,0,0,0,0
6/30/1933,31310.08346,31310.08346,31310.08346,0,0,0,0,0,0,0,0,0,0,0,0,0
9/30/1933,31423.49217,31423.49217,31423.49217,0,0,0,0,0,0,0,0,0,0,0,0,0
12/31/1933,31538.68514,31538.68514,31538.68514,0,0,0,0,0,0,0,0,0,0,0,0,0
3/31/1934,31655.92609,31655.92609,31655.92609,0,0,0,0,0,0,0,0,0,0,0,0,0
6/30/1934,31775.48541,31775.48541,31775.48541,0,0,0,0,0,0,0,0,0,0,0,0,0
9/30/1934,31897.43368,31897.43368,31897.43368,0,0,0,0,0,0,0,0,0,0,0,0,0
12/31/1934,32021.04215,32021.04215,32021.04215,0,0,0,0,0,0,0,0,0,0,0,0,0
3/31/1935,32145.3787,32145.3787,32145.3787,0,0,0,0,0,0,0,0,0,0,0,0,0
6/30/1935,32269.50167,32269.50167,32269.50167,0,0,0,0,0,0,0,0,0,0,0,0,0
9/30/1935,32392.60464,32392.60464,32392.60464,0,0,0,0,0,0,0,0,0,0,0,0,0
12/31/1935,32514.45312,32514.45312,32514.45312,0,0,0,0,0,0,0,0,0,0,0,0,0
3/31/1936,32634.9532,32634.9532,32634.9532,0,0,0,0,0,0,0,0,0,0,0,0,0
6/30/1936,32754.01314,32754.01314,32754.01314,0,0,0,0,0,0,0,0,0,0,0,0,0
9/30/1936,32871.90833,32871.90833,32871.90833,0,0,0,0,0,0,0,0,0,0,0,0,0
12/31/1936,32990.43157,32990.43157,32990.43157,0,0,0,0,0,0,0,0,0,0,0,0,0
3/31/1937,33111.76319,33111.76319,33111.76319,0,0,0,0,0,0,0,0,0,0,0,0,0
6/30/1937,33238.10819,33238.10819,33238.10819,0,0,0,0,0,0,0,0,0,0,0,0,0
9/30/1937,33370.94298,33370.94298,33370.94298,0,0,0,0,0,0,0,0,0,0,0,0,0
12/31/1937,33508.75726,33508.75726,33508.75726,0,0,0,0,0,0,0,0,0,0,0,0,0
3/31/1938,33649.2659,33649.2659,33649.2659,0,0,0,0,0,0,0,0,0,0,0,0,0
6/30/1938,33790.16642,33790.16642,33790.16642,0,0,0,0,0,0,0,0,0,0,0,0,0
9/30/1938,33929.98445,33929.98445,33929.98445,0,0,0,0,0,0,0,0,0,0,0,0,0
12/31/1938,34070.69805,34070.69805,34070.69805,0,0,0,0,0,0,0,0,0,0,0,0,0
3/31/1939,34215.18322,34215.18322,34215.18322,0,0,0,0,0,0,0,0,0,0,0,0,0
6/30/1939,34366.35783,34366.35783,34366.35783,0,0,0,0,0,0,0,0,0,0,0,0,0
9/30/1939,34525.73959,34525.73959,34525.73959,0,0,0,0,0,0,0,0,0,0,0,0,0
12/31/1939,34689.01055,34689.01055,34689.01055,0,0,0,0,0,0,0,0,0,0,0,0,0
3/31/1940,34850.27196,34850.27196,34850.27196,0,0,0,0,0,0,0,0,0,0,0,0,0
6/30/1940,35003.49573,35003.49573,35003.49573,0,0,0,0,0,0,0,0,0,0,0,0,0
9/30/1940,35144.36723,35144.36723,35144.36723,0,0,0,0,0,0,0,0,0,0,0,0,0
12/31/1940,35275.86251,35275.86251,35275.86251,0,0,0,0,0,0,0,0,0,0,0,0,0
3/31/1941,35402.89859,35402.89859,35402.89859,0,0,0,0,0,0,0,0,0,0,0,0,0
6/30/1941,35530.46735,35530.46735,35530.46735,0,0,0,0,0,0,0,0,0,0,0,0,0
9/30/1941,35663.07047,35663.07047,35663.07047,0,0,0,0,0,0,0,0,0,0,0,0,0
12/31/1941,35802.88705,35802.88705,35802.88705,0,0,0,0,0,0,0,0,0,0,0,0,0
3/31/1942,35951.50074,35951.50074,35951.50074,0,0,0,0,0,0,0,0,0,0,0,0,0
6/30/1942,36110.48176,36110.48176,36110.48176,0,0,0,0,0,0,0,0,0,0,0,0,0
9/30/1942,36280.29381,36280.29381,36280.29381,0,0,0,0,0,0,0,0,0,0,0,0,0
12/31/1942,36456.96879,36456.96879,36456.96879,0,0,0,0,0,0,0,0,0,0,0,0,0
3/31/1943,36635.41934,36635.41934,36635.41934,0,0,0,0,0,0,0,0,0,0,0,0,0
6/30/1943,36810.52924,36810.52924,36810.52924,0,0,0,0,0,0,0,0,0,0,0,0,0
9/30/1943,36978.47786,36978.47786,36978.47786,0,0,0,0,0,0,0,0,0,0,0,0,0
12/31/1943,37140.66912,37140.66912,37140.66912,0,0,0,0,0,0,0,0,0,0,0,0,0
3/31/1944,37299.81966,37299.81966,37299.81966,0,0,0,0,0,0,0,0,0,0,0,0,0
6/30/1944,37458.65431,37458.65431,37458.65431,0,0,0,0,0,0,0,0,0,0,0,0,0
9/30/1944,37618.87383,37618.87383,37618.87383,0,0,0,0,0,0,0,0,0,0,0,0,0
12/31/1944,37777.98833,37777.98833,37777.98833,0,0,0,0,0,0,0,0,0,0,0,0,0
3/31/1945,37932.44284,37932.44284,37932.44284,0,0,0,0,0,0,0,0,0,0,0,0,0
6/30/1945,38078.66403,38078.66403,38078.66403,0,0,0,0,0,0,0,0,0,0,0,0,0
9/30/1945,38215.81537,38215.81537,38215.81537,0,0,0,0,0,0,0,0,0,0,0,0,0
12/31/1945,38354.09717,38354.09717,38354.09717,0,0,0,0,0,0,0,0,0,0,0,0,0
3/31/1946,38506.52383,38506.52383,38506.52383,0,0,0,0,0,0,0,0,0,0,0,0,0
6/30/1946,38686.18051,38686.18051,38686.18051,0,0,0,0,0,0,0,0,0,0,0,0,0
9/30/1946,38901.71559,38901.71559,38901.71559,0,0,0,0,0,0,0,0,0,0,0,0,0
12/31/1946,39143.777,39143.777,39143.777,0,0,0,0,0,0,0,0,0,0,0,0,0
3/31/1947,39398.44605,39398.44605,39398.44605,0,0,0,0,0,0,0,0,0,0,0,0,0
6/30/1947,39651.7199,39651.7199,39651.7199,0,0,0,0,0,0,0,0,0,0,0,0,0
9/30/1947,39892.57513,39892.57513,39892.57513,0,0,0,0,0,0,0,0,0,0,0,0,0
12/31/1947,40122.14994,40122.14994,40122.14994,0,0,0,0,0,0,0,0,0,0,0,0,0
3/31/1948,40344.64326,40344.64326,40344.64326,0,0,0,0,0,0,0,0,0,0,0,0,0
6/30/1948,40564.28048,40564.28048,40564.28048,0,0,0,0,0,0,0,0,0,0,0,0,0
9/30/1948,40785.32243,40785.32243,40785.32243,0,0,0,0,0,0,0,0,0,0,0,0,0
12/31/1948,41012.13188,41012.13188,41012.13188,0,0,0,0,0,0,0,0,0,0,0,0,0
3/31/1949,41249.11854,41249.11854,41249.11854,0,0,0,0,0,0,0,0,0,0,0,0,0
6/30/1949,41500.72225,41500.72225,41500.72225,0,0,0,0,0,0,0,0,0,0,0,0,0
9/30/1949,41769.09601,41769.09601,41769.09601,0,0,0,0,0,0,0,0,0,0,0,0,0
12/31/1949,42047.1884,42047.1884,42047.1884,0,0,0,0,0,0,0,0,0,0,0,0,0
3/31/1950,42325.60421,42325.60421,42325.60421,0,0,0,0,0,0,0,0,0,0,0,0,0
6/30/1950,42594.8884,42594.8884,42594.8884,0,0,0,0,0,0,0,0,0,0,0,0,0
9/30/1950,42848.24121,42848.24121,42848.24121,0,0,0,0,0,0,0,0,0,0,0,0,0
12/31/1950,43089.71718,43089.71718,43089.71718,0,0,0,0,0,0,0,0,0,0,0,0,0
3/31/1951,43326.10996,43326.10996,43326.10996,0,0,0,0,0,0,0,0,0,0,0,0,0
6/30/1951,43564.2538,43564.2538,43564.2538,0,0,0,0,0,0,0,0,0,0,0,0,0
9/30/1951,43809.35202,43809.35202,43809.35202,0,0,0,0,0,0,0,0,0,0,0,0,0
12/31/1951,44059.88887,44059.88887,44059.88887,0,0,0,0,0,0,0,0,0,0,0,0,0
3/31/1952,44312.66688,44312.66688,44312.66688,0,0,0,0,0,0,0,0,0,0,0,0,0
6/30/1952,44564.45132,44564.45132,44564.45132,0,0,0,0,0,0,0,0,0,0,0,0,0
9/30/1952,44813.03375,44813.03375,44813.03375,0,0,0,0,0,0,0,0,0,0,0,0,0
12/31/1952,45060.32089,45060.32089,45060.32089,0,0,0,0,0,0,0,0,0,0,0,0,0
3/31/1953,45309.27103,45309.27103,45309.27103,0,0,0,0,0,0,0,0,0,0,0,0,0
6/30/1953,45562.85546,45562.85546,45562.85546,0,0,0,0,0,0,0,0,0,0,0,0,0
9/30/1953,45823.26979,45823.26979,45823.26979,0,0,0,0,0,0,0,0,0,0,0,0,0
12/31/1953,46089.55382,46089.55382,46089.55382,0,0,0,0,0,0,0,0,0,0,0,0,0
3/31/1954,46359.9372,46359.9372,46359.9372,0,0,0,0,0,0,0,0,0,0,0,0,0
6/30/1954,46632.65256,46632.65256,46632.65256,0,0,0,0,0,0,0,0,0,0,0,0,0
9/30/1954,46906.24908,46906.24908,46906.24908,0,0,0,0,0,0,0,0,0,0,0,0,0
12/31/1954,47180.64916,47180.64916,47180.64916,0,0,0,0,0,0,0,0,0,0,0,0,0
3/31/1955,47456.11239,47456.11239,47456.11239,0,0,0,0,0,0,0,0,0,0,0,0,0
6/30/1955,47732.90065,47732.90065,47732.90065,0,0,0,0,0,0,0,0,0,0,0,0,0
9/30/1955,48011.38857,48011.38857,48011.38857,0,0,0,0,0,0,0,0,0,0,0,0,0
12/31/1955,48292.39979,48292.39979,48292.39979,0,0,0,0,0,0,0,0,0,0,0,0,0
3/31/1956,48576.85418,48576.85418,48576.85418,0,0,0,0,0,0,0,0,0,0,0,0,0
6/30/1956,48865.69809,48865.69809,48865.69809,0,0,0,0,0,0,0,0,0,0,0,0,0
9/30/1956,49159.22148,49159.22148,49159.22148,0,0,0,0,0,0,0,0,0,0,0,0,0
12/31/1956,49455.16049,49455.16049,49455.16049,0,0,0,0,0,0,0,0,0,0,0,0,0
3/31/1957,49750.577,49750.577,49750.577,0,0,0,0,0,0,0,0,0,0,0,0,0
6/30/1957,50042.5355,50042.5355,50042.5355,0,0,0,0,0,0,0,0,0,0,0,0,0
9/30/1957,50329.05449,50329.05449,50329.05449,0,0,0,0,0,0,0,0,0,0,0,0,0
12/31/1957,50612.07107,50612.07107,50612.07107,0,0,0,0,0,0,0,0,0,0,0,0,0
3/31/1958,50894.50887,50894.50887,50894.50887,0,0,0,0,0,0,0,0,0,0,0,0,0
6/30/1958,51179.30651,51179.30651,51179.30651,0,0,0,0,0,0,0,0,0,0,0,0,0
9/30/1958,51468.52695,51468.52695,51468.52695,0,0,0,0,0,0,0,0,0,0,0,0,0
12/31/1958,51760.65491,51760.65491,51760.65491,0,0,0,0,0,0,0,0,0,0,0,0,0
3/31/1959,52053.27883,52053.27883,52053.27883,0,0,0,0,0,0,0,0,0,0,0,0,0
6/30/1959,52343.9705,52343.9705,52343.9705,0,0,0,0,0,0,0,0,0,0,0,0,0
9/30/1959,52631.12723,52631.12723,52631.12723,0,0,0,0,0,0,0,0,0,0,0,0,0
12/31/1959,52916.44896,52916.44896,52916.44896,0,0,0,0,0,0,0,0,0,0,0,0,0
3/31/1960,53202.45263,53202.45263,53202.45263,0,0,0,0,0,0,0,0,0,0,0,0,0
6/30/1960,53491.64786,53491.64786,53491.64786,0,0,0,0,0,0,0,0,0,0,0,0,0
9/30/1960,53785.69157,53785.69157,53785.69157,0,0,0,0,0,0,0,0,0,0,0,0,0
12/31/1960,54082.84586,54082.84586,54082.84586,0,0,0,0,0,0,0,0,0,0,0,0,0
3/31/1961,54380.53944,54380.53944,54380.53944,0,0,0,0,0,0,0,0,0,0,0,0,0
6/30/1961,54676.19582,54676.19582,54676.19582,0,0,0,0,0,0,0,0,0,0,0,0,0
9/30/1961,54967.79407,54967.79407,54967.79407,0,0,0,0,0,0,0,0,0,0,0,0,0
12/31/1961,55255.4347,55255.4347,55255.4347,0,0,0,0,0,0,0,0,0,0,0,0,0
3/31/1962,55539.75358,55539.75358,55539.75358,0,0,0,0,0,0,0,0,0,0,0,0,0
6/30/1962,55821.36981,55821.36981,55821.36981,0,0,0,0,0,0,0,0,0,0,0,0,0
9/30/1962,56100.95829,56100.95829,56100.95829,0,0,0,0,0,0,0,0,0,0,0,0,0
12/31/1962,56379.35322,56379.35322,56379.35322,0,0,0,0,0,0,0,0,0,0,0,0,0
3/31/1963,56657.44405,56657.44405,56657.44405,0,0,0,0,0,0,0,0,0,0,0,0,0
6/30/1963,56936.11315,56936.11315,56936.11315,0,0,0,0,0,0,0,0,0,0,0,0,0
9/30/1963,57215.82779,57215.82779,57215.82779,0,0,0,0,0,0,0,0,0,0,0,0,0
12/31/1963,57495.30229,57495.30229,57495.30229,0,0,0,0,0,0,0,0,0,0,0,0,0
3/31/1964,57772.79132,57772.79132,57772.79132,0,0,0,0,0,0,0,0,0,0,0,0,0
6/30/1964,58046.55277,58046.55277,58046.55277,0,0,0,0,0,0,0,0,0,0,0,0,0
9/30/1964,58315.27147,58315.27147,58315.27147,0,0,0,0,0,0,0,0,0,0,0,0,0
12/31/1964,58579.39238,58579.39238,58579.39238,0,0,0,0,0,0,0,0,0,0,0,0,0
3/31/1965,58839.81647,58839.81647,58839.81647,0,0,0,0,0,0,0,0,0,0,0,0,0
6/30/1965,59097.44534,59097.44534,59097.44534,0,0,0,0,0,0,0,0,0,0,0,0,0
9/30/1965,59353.08299,59353.08299,59353.08299,0,0,0,0,0,0,0,0,0,0,0,0,0
12/31/1965,59607.15465,59607.15465,59607.15465,0,0,0,0,0,0,0,0,0,0,0,0,0
3/31/1966,59859.99039,59859.99039,59859.99039,0,0,0,0,0,0,0,0,0,0,0,0,0
6/30/1966,60111.91843,60111.91843,60111.91843,0,0,0,0,0,0,0,0,0,0,0,0,0
9/30/1966,60363.08252,60363.08252,60363.08252,0,0,0,0,0,0,0,0,0,0,0,0,0
12/31/1966,60612.87602,60612.87602,60612.87602,0,0,0,0,0,0,0,0,0,0,0,0,0
3/31/1967,60860.48248,60860.48248,60860.48248,0,0,0,0,0,0,0,0,0,0,0,0,0
6/30/1967,61105.08594,61105.08594,61105.08594,0,0,0,0,0,0,0,0,0,0,0,0,0
9/30/1967,61346.2415,61346.2415,61346.2415,0,0,0,0,0,0,0,0,0,0,0,0,0
12/31/1967,61585.02248,61585.02248,61585.02248,0,0,0,0,0,0,0,0,0,0,0,0,0
3/31/1968,61822.92018,61822.92018,61822.92018,0,0,0,0,0,0,0,0,0,0,0,0,0
6/30/1968,62061.43802,62061.43802,62061.43802,0,0,0,0,0,0,0,0,0,0,0,0,0
9/30/1968,62301.61903,62301.61903,62301.61903,0,0,0,0,0,0,0,0,0,0,0,0,0
12/31/1968,62542.51869,62542.51869,62542.51869,0,0,0,0,0,0,0,0,0,0,0,0,0
3/31/1969,62782.62296,62782.62296,62782.62296,0,0,0,0,0,0,0,0,0,0,0,0,0
6/30/1969,63020.34166,63020.34166,63020.34166,0,0,0,0,0,0,0,0,0,0,0,0,0
9/30/1969,63257.12992,63257.12992,63257.12992,0,0,0,0,0,0,0,0,0,0,0,0,0
12/31/1969,63507.00662,63507.00662,63507.00662,0,0,0,0,0,0,0,0,0,0,0,0,0
3/31/1970,63787.45857,63787.45857,63787.45857,0,0,0,0,0,0,0,0,0,0,0,0,0
6/30/1970,64116.43122,64116.43122,64116.43122,0,0,0,0,0,0,0,0,0,0,0,0,0
9/30/1970,64505.69663,64505.69663,64505.69663,0,0,0,0,0,0,0,0,0,0,0,0,0
12/31/1970,64940.10272,64940.10272,64940.10272,0,0,0,0,0,0,0,0,0,0,0,0,0
3/31/1971,65397.19059,65397.19059,65397.19059,0,0,0,0,0,0,0,0,0,0,0,0,0
6/30/1971,65853.71179,65853.71179,65853.71179,0,0,0,0,0,0,0,0,0,0,0,0,0
9/30/1971,66290.79372,66290.79372,66290.79372,0,0,0,0,0,0,0,0,0,0,0,0,0
12/31/1971,66710.07344,66710.07344,66710.07344,0,0,0,0,0,0,0,0,0,0,0,0,0
3/31/1972,67118.59464,67118.59464,67118.59464,0,0,0,0,0,0,0,0,0,0,0,0,0
6/30/1972,67523.64422,67523.64422,67523.64422,0,0,0,0,0,0,0,0,0,0,0,0,0
9/30/1972,67931.26612,67931.26612,67931.26612,0,0,0,0,0,0,0,0,0,0,0,0,0
12/31/1972,68341.81526,68341.81526,68341.81526,0,0,0,0,0,0,0,0,0,0,0,0,0
3/31/1973,68754.14603,68754.14603,68754.14603,0,0,0,0,0,0,0,0,0,0,0,0,0
6/30/1973,69167.08433,69167.08433,69167.08433,0,0,0,0,0,0,0,0,0,0,0,0,0
9/30/1973,69579.98325,69579.98325,69579.98325,0,0,0,0,0,0,0,0,0,0,0,0,0
12/31/1973,69994.44534,69994.44534,69994.44534,0,0,0,0,0,0,0,0,0,0,0,0,0
3/31/1974,70412.66574,70412.66574,70412.66574,0,0,0,0,0,0,0,0,0,0,0,0,0
6/30/1974,70836.8553,70836.8553,70836.8553,0,0,0,0,0,0,0,0,0,0,0,0,0
9/30/1974,71268.88609,71268.88609,71268.88609,0,0,0,0,0,0,0,0,0,0,0,0,0
12/31/1974,71709.20644,71709.20644,71709.20644,0,0,0,0,0,0,0,0,0,0,0,0,0
3/31/1975,72157.9747,72157.9747,72157.9747,0,0,0,0,0,0,0,0,0,0,0,0,0
6/30/1975,72615.43337,72615.43337,72615.43337,0,0,0,0,0,0,0,0,0,0,0,0,0
9/30/1975,73080.28937,73080.28937,73080.28937,0,0,0,0,0,0,0,0,0,0,0,0,0
12/31/1975,73544.66773,73544.66773,73544.66773,0,0,0,0,0,0,0,0,0,0,0,0,0
3/31/1976,73998.66148,73998.66148,73998.66148,0,0,0,0,0,0,0,0,0,0,0,0,0
6/30/1976,74292.35393,74292.35393,74292.35393,0,0,0,0,0,0,0,0,0,0,0,0,0
9/30/1976,74639.955,74639.955,74639.955,0,0,0,0,0,0,0,0,0,0,0,0,0
12/31/1976,75032.09896,75032.09896,75032.09896,0,0,0,0,0,0,0,0,0,0,0,0,0
3/31/1977,75451.3291,75451.3291,75451.3291,0,0,0,0,0,0,0,0,0,0,0,0,0
6/30/1977,75842.44651,75842.44651,75842.44651,0,0,0,0,0,0,0,0,0,0,0,0,0
9/30/1977,76229.35906,76229.35906,76229.35906,0,0,0,0,0,0,0,0,0,0,0,0,0
12/31/1977,76636.46349,76636.46349,76636.46349,0,0,0,0,0,0,0,0,0,0,0,0,0
3/31/1978,77058.13332,77058.13332,77058.13332,0,0,0,0,0,0,0,0,0,0,0,0,0
6/30/1978,77590.49573,77590.49573,77590.49573,0,0,0,0,0,0,0,0,0,0,0,0,0
9/30/1978,78122.48263,78122.48263,78122.48263,0,0,0,0,0,0,0,0,0,0,0,0,0
12/31/1978,78659.4205,78659.4205,78659.4205,0,0,0,0,0,0,0,0,0,0,0,0,0
3/31/1979,79145.55813,79145.55813,79145.55813,0,0,0,0,0,0,0,0,0,0,0,0,0
6/30/1979,79591.7834,79591.7834,79591.7834,0,0,0,0,0,0,0,0,0,0,0,0,0
9/30/1979,79961.72365,79961.72365,79961.72365,0,0,0,0,0,0,0,0,0,0,0,0,0
12/31/1979,80306.24006,80306.24006,80306.24006,0,0,0,0,0,0,0,0,0,0,0,0,0
3/31/1980,80674.42981,80674.42981,80674.42981,0,0,0,0,0,0,0,0,0,0,0,0,0
6/30/1980,80949.59178,80949.59178,80949.59178,0,0,0,0,0,0,0,0,0,0,0,0,0
9/30/1980,81249.96041,81249.96041,81249.96041,0,0,0,0,0,0,0,0,0,0,0,0,0
12/31/1980,81507.9899,81507.9899,81507.9899,0,0,0,0,0,0,0,0,0,0,0,0,0
3/31/1981,81781.64789,81781.64789,81781.64789,0,0,0,0,0,0,0,0,0,0,0,0,0
6/30/1981,82107.93075,82107.93075,82107.93075,0,0,0,0,0,0,0,0,0,0,0,0,0
9/30/1981,82389.16218,82389.16218,82389.16218,0,0,0,0,0,0,0,0,0,0,0,0,0
12/31/1981,82694.74925,82694.74925,82694.74925,0,0,0,0,0,0,0,0,0,0,0,0,0
3/31/1982,82974.18547,82974.18547,82974.18547,0,0,0,0,0,0,0,0,0,0,0,0,0
6/30/1982,83162.953,83162.953,83162.953,0,0,0,0,0,0,0,0,0,0,0,0,0
9/30/1982,83337.41684,83337.41684,83337.41684,0,0,0,0,0,0,0,0,0,0,0,0,0
12/31/1982,83493.49533,83493.49533,83493.49533,0,0,0,0,0,0,0,0,0,0,0,0,0
3/31/1983,83569.42207,83569.42207,83569.42207,0,0,0,0,0,0,0,0,0,0,0,0,0
6/30/1983,83678.4088,83678.4088,83678.4088,0,0,0,0,0,0,0,0,0,0,0,0,0
9/30/1983,83851.53482,83851.53482,83851.53482,0,0,0,0,0,0,0,0,0,0,0,0,0
12/31/1983,84122.3974,84122.3974,84122.3974,0,0,0,0,0,0,0,0,0,0,0,0,0
3/31/1984,84467.31526,84467.31526,84467.31526,0,0,0,0,0,0,0,0,0,0,0,0,0
6/30/1984,84885.24223,84885.24223,84885.24223,0,0,0,0,0,0,0,0,0,0,0,0,0
9/30/1984,85300.32145,85300.32145,85300.32145,0,0,0,0,0,0,0,0,0,0,0,0,0
12/31/1984,85642.91682,85642.91682,85642.91682,0,0,0,0,0,0,0,0,0,0,0,0,0
3/31/1985,85985.91098,85985.91098,85985.91098,0,0,0,0,0,0,0,0,0,0,0,0,0
6/30/1985,86332.87799,86332.87799,86332.87799,0,0,0,0,0,0,0,0,0,0,0,0,0
9/30/1985,86687.11793,86687.11793,86687.11793,0,0,0,0,0,0,0,0,0,0,0,0,0
12/31/1985,87025.89119,87025.89119,87025.89119,0,0,0,0,0,0,0,0,0,0,0,0,0
3/31/1986,87340.95426,87340.95426,87340.95426,0,0,0,0,0,0,0,0,0,0,0,0,0
6/30/1986,87619.32188,87619.32188,87619.32188,0,0,0,0,0,0,0,0,0,0,0,0,0
9/30/1986,87879.26875,87879.26875,87879.26875,0,0,0,0,0,0,0,0,0,0,0,0,0
12/31/1986,88117.61101,88117.61101,88117.61101,0,0,0,0,0,0,0,0,0,0,0,0,0
3/31/1987,88326.67246,88326.67246,88326.67246,0,0,0,0,0,0,0,0,0,0,0,0,0
6/30/1987,88522.99899,88522.99899,88522.99899,0,0,0,0,0,0,0,0,0,0,0,0,0
9/30/1987,88773.21517,88773.21517,88773.21517,0,0,0,0,0,0,0,0,0,0,0,0,0
12/31/1987,89097.55468,89097.55468,89097.55468,0,0,0,0,0,0,0,0,0,0,0,0,0
3/31/1988,89419.91075,89419.91075,89419.91075,0,0,0,0,0,0,0,0,0,0,0,0,0
6/30/1988,89747.27698,89747.27698,89747.27698,0,0,0,0,0,0,0,0,0,0,0,0,0
9/30/1988,90066.41364,90066.41364,90066.41364,0,0,0,0,0,0,0,0,0,0,0,0,0
12/31/1988,90281.11833,90281.11833,90281.11833,0,0,0,0,0,0,0,0,0,0,0,0,0
3/31/1989,90619.09471,90619.09471,90619.09471,0,0,0,0,0,0,0,0,0,0,0,0,0
6/30/1989,90945.16262,90945.16262,90945.16262,0,0,0,0,0,0,0,0,0,0,0,0,0
9/30/1989,91270.29247,91270.29247,91270.29247,0,0,0,0,0,0,0,0,0,0,0,0,0
12/31/1989,91553.88246,91553.88246,91553.88246,0,0,0,0,0,0,0,0,0,0,0,0,0
3/31/1990,91707.88548,91707.88548,91707.88548,0,0,0,0,0,0,0,0,0,0,0,0,0
6/30/1990,91904.73068,91904.73068,91904.73068,0,0,0,0,0,0,0,0,0,0,0,0,0
9/30/1990,92190.27558,92190.27558,92190.27558,0,0,0,0,0,0,0,0,0,0,0,0,0
12/31/1990,92483.61125,92483.61125,92483.61125,0,0,0,0,0,0,0,0,0,0,0,0,0
3/31/1991,92875.80454,92875.80454,92875.80454,0,0,0,0,0,0,0,0,0,0,0,0,0
6/30/1991,93238.28194,93238.28194,93238.28194,0,0,0,0,0,0,0,0,0,0,0,0,0
9/30/1991,93549.68057,93549.68057,93549.68057,0,0,0,0,0,0,0,0,0,0,0,0,0
12/31/1991,93906.47257,93906.47257,93906.47257,0,0,0,0,0,0,0,0,0,0,0,0,0
3/31/1992,94235.9435,94235.9435,94235.9435,0,0,0,0,0,0,0,0,0,0,0,0,0
6/30/1992,94591.87111,94591.87111,94591.87111,0,0,0,0,0,0,0,0,0,0,0,0,0
9/30/1992,94899.83336,94899.83336,94899.83336,0,0,0,0,0,0,0,0,0,0,0,0,0
12/31/1992,95299.06718,95299.06718,95299.06718,0,0,0,0,0,0,0,0,0,0,0,0,0
3/31/1993,95668.49484,95668.49484,95668.49484,0,0,0,0,0,0,0,0,0,0,0,0,0
6/30/1993,96035.87872,96035.87872,96035.87872,0,0,0,0,0,0,0,0,0,0,0,0,0
9/30/1993,96523.04268,96523.04268,96523.04268,0,0,0,0,0,0,0,0,0,0,0,0,0
12/31/1993,97009.53631,97009.53631,97009.53631,0,0,0,0,0,0,0,0,0,0,0,0,0
3/31/1994,97301.67511,97301.67511,97301.67511,0,0,0,0,0,0,0,0,0,0,0,0,0
6/30/1994,97594.65819,97594.65819,97594.65819,0,0,0,0,0,0,0,0,0,0,0,0,0
9/30/1994,97854.99995,97854.99995,97854.99995,0,0,0,0,0,0,0,0,0,0,0,0,0
12/31/1994,98160.66628,98160.66628,98160.66628,0,0,0,0,0,0,0,0,0,0,0,0,0
3/31/1995,98650.89717,98650.89717,98650.89717,0,0,0,0,0,0,0,0,0,0,0,0,0
6/30/1995,99127.83303,99127.83303,99127.83303,0,0,0,0,0,0,0,0,0,0,0,0,0
9/30/1995,99499.27346,99499.27346,99499.27346,0,0,0,0,0,0,0,0,0,0,0,0,0
12/31/1995,99799.42048,99799.42048,99799.42048,0,0,0,0,0,0,0,0,0,0,0,0,0
3/31/1996,100072.3179,100072.3179,100072.3179,0,0,0,0,0,0,0,0,0,0,0,0,0
6/30/1996,100416.4168,100416.4168,100416.4168,0,0,0,0,0,0,0,0,0,0,0,0,0
9/30/1996,100776.5295,100776.5295,100776.5295,0,0,0,0,0,0,0,0,0,0,0,0,0
12/31/1996,101103.8217,101103.8217,101103.8217,0,0,0,0,0,0,0,0,0,0,0,0,0
3/31/1997,101472.8998,101472.8998,101472.8998,0,0,0,0,0,0,0,0,0,0,0,0,0
6/30/1997,101772.9028,101772.9028,101772.9028,0,0,0,0,0,0,0,0,0,0,0,0,0
9/30/1997,102142.8905,102142.8905,102142.8905,0,0,0,0,0,0,0,0,0,0,0,0,0
12/31/1997,102523.432,102523.432,102523.432,0,0,0,0,0,0,0,0,0,0,0,0,0
3/31/1998,102922.9862,102922.9862,102922.9862,0,0,0,0,0,0,0,0,0,0,0,0,0
6/30/1998,103354.8886,103354.8886,103354.8886,0,0,0,0,0,0,0,0,0,0,0,0,0
9/30/1998,103724.2412,103724.2412,103724.2412,0,0,0,0,0,0,0,0,0,0,0,0,0
12/31/1998,104158.7684,104158.7684,104158.7684,0,0,0,0,0,0,0,0,0,0,0,0,0
3/31/1999,104537.9364,104537.9364,104537.9364,0,0,0,0,0,0,0,0,0,0,0,0,0
6/30/1999,104877.7141,104877.7141,104877.7141,0,0,0,0,0,0,0,0,0,0,0,0,0
9/30/1999,105273.6457,105273.6457,105273.6457,0,0,0,0,0,0,0,0,0,0,0,0,0
12/31/1999,105588.3864,105588.3864,105588.3864,0,0,0,0,0,0,0,0,0,0,0,0,0
3/31/2000,105826.8116,105826.8116,105826.8116,0,0,0,0,0,0,0,0,0,0,0,0,0
6/30/2000,105977.4447,105977.4447,105977.4447,0,0,0,0,0,0,0,0,0,0,0,0,0
9/30/2000,106153.3243,106153.3243,106153.3243,0,0,0,0,0,0,0,0,0,0,0,0,0
12/31/2000,106461.7309,106461.7309,106461.7309,0,0,0,0,0,0,0,0,0,0,0,0,0
3/31/2001,106868.1821,106868.1821,106868.1821,0,0,0,0,0,0,0,0,0,0,0,0,0
6/30/2001,107332.7986,107332.7986,107332.7986,0,0,0,0,0,0,0,0,0,0,0,0,0
9/30/2001,107679.085,107679.085,107679.085,0,0,0,0,0,0,0,0,0,0,0,0,0
12/31/2001,108016.3654,108016.3654,108016.3654,0,0,0,0,0,0,0,0,0,0,0,0,0
3/31/2002,108435.7449,108435.7449,108435.7449,0,0,0,0,0,0,0,0,0,0,0,0,0
6/30/2002,108883.2974,108883.2974,108883.2974,0,0,0,0,0,0,0,0,0,0,0,0,0
9/30/2002,109318.0209,109318.0209,109318.0209,0,0,0,0,0,0,0,0,0,0,0,0,0
12/31/2002,109649.8162,109649.8162,109649.8162,0,0,0,0,0,0,0,0,0,0,0,0,0
3/31/2003,109916.8536,109916.8536,109916.8536,0,0,0,0,0,0,0,0,0,0,0,0,0
6/30/2003,110137.6192,110137.6192,110137.6192,1,0,0,0,0,0,0,0,0,0,0,0,0
9/30/2003,110417.5738,110417.5738,110417.5738,0,0,0,0,0,0,0,0,0,0,0,0,0
12/31/2003,110688.494,110688.494,110688.494,0,0,0,0,0,0,0,0,0,0,0,0,0
3/31/2004,110979.1107,110979.1107,110979.1107,0,0,0,0,0,0,0,0,0,0,0,0,0
6/30/2004,111278.7155,111278.7155,111278.7155,0,0,0,0,0,0,0,0,0,0,0,0,0
9/30/2004,111621.949,111621.949,111621.949,0,0,0,0,0,0,0,0,0,0,0,0,0
12/31/2004,111927.5362,111927.5362,111927.5362,0,0,0,0,0,0,0,0,0,0,0,0,0
3/31/2005,112249.8875,112249.8875,112249.8875,0,0,0,0,0,0,0,0,0,0,0,0,0
6/30/2005,112629.7508,112629.7508,112629.7508,0,0,0,0,0,0,0,0,0,0,0,0,0
9/30/2005,112848.9231,112848.9231,112848.9231,0,0,0,0,0,0,0,0,0,0,0,0,0
12/31/2005,113102.2405,113102.2405,113102.2405,0,0,0,0,0,0,0,0,0,0,0,0,0
3/31/2006,113372.7651,113372.7651,113372.7651,0,0,0,0,0,0,0,0,0,0,0,0,0
6/30/2006,113677.8162,113677.8162,113677.8162,0,0,0,0,0,0,0,0,0,0,0,0,0
9/30/2006,114053.8778,114053.8778,114053.8778,0,0,0,0,0,0,0,0,0,0,0,0,0
12/31/2006,114382.797,114382.797,114382.797,0,0,0,0,0,0,0,0,0,0,0,0,0
3/31/2007,114690.8805,114690.8805,114690.8805,0,0,0,0,0,0,0,0,0,0,0,0,0
6/30/2007,114956.4588,114956.4588,114956.4588,0,0,0,0,0,0,0,0,0,0,0,0,0
9/30/2007,115329.0718,115329.0718,115329.0718,0,0,0,0,0,0,0,0,0,0,0,0,0
12/31/2007,115727.5244,115727.5244,115727.5244,0,0,0,0,0,0,0,0,0,0,0,0,0
3/31/2008,115980.5574,115980.5574,115980.5574,0,0,0,0,0,0,0,0,0,0,0,0,0
6/30/2008,116201.187,116201.187,116201.187,0,0,0,0,0,0,0,0,0,0,0,0,0
9/30/2008,116326.5614,116326.5614,116326.5614,0,0,0,0,0,0,0,0,0,0,0,0,0
12/31/2008,116483.6372,116483.6372,116483.6372,0,0,0,0,0,0,0,0,0,0,0,0,0
3/31/2009,116632.9903,116632.9903,116632.9903,0,0,0,0,0,0,0,0,0,0,0,0,0
6/30/2009,116745.7426,116745.7426,116745.7426,0,0,0,0,0,0,0,0,0,0,0,0,0
9/30/2009,116878.3788,116878.3788,116878.3788,0,0,0,0,0,0,0,0,0,0,0,0,0
12/31/2009,117023.7107,117023.7107,117023.7107,0,0,0,0,0,0,0,0,0,0,0,0,0
3/31/2010,117046.0319,117046.0319,117046.0319,0,1,0,0,0,0,0,0,0,0,0,0,0
6/30/2010,117058.655,117058.655,117058.655,0,0,0,0,0,0,0,0,0,0,0,0,0
9/30/2010,117202.6355,117202.6355,117202.6355,0,0,1,0,0,0,0,0,0,0,0,0,0
12/31/2010,117308.0188,117308.0188,117308.0188,0,0,0,1,0,0,0,0,0,0,0,0,0
3/31/2011,117651.1282,117651.1282,117651.1282,0,0,0,0,1,0,0,0,0,0,0,0,0
6/30/2011,118104.2572,118104.2572,118104.2572,0,0,0,0,0,1,0,0,0,0,0,0,0
9/30/2011,118398.3966,118398.3966,118398.3966,0,0,0,0,0,0,0,0,0,0,0,0,0
12/31/2011,118593.2988,118593.2988,118593.2988,0,0,0,0,0,0,0,0,0,0,0,0,0
3/31/2012,118943.5233,118943.5233,118943.5233,0,0,0,0,0,0,0,0,0,0,0,0,0
6/30/2012,119140.8899,119140.8899,119140.8899,0,0,0,0,0,0,0,0,0,0,0,0,0
9/30/2012,119444.886,119444.886,119444.886,0,0,0,0,0,0,0,0,0,0,0,0,0
12/31/2012,119811.1354,119811.1354,119811.1354,0,0,0,0,0,0,1,0,0,0,0,0,0
3/31/2013,120093.7978,120093.7978,120093.7978,0,0,0,0,0,0,0,0,0,0,0,0,0
6/30/2013,120420.1256,120420.1256,120420.1256,0,0,0,0,0,0,0,0,0,0,0,0,0
9/30/2013,120730.8412,120730.8412,120730.8412,0,0,0,0,0,0,0,1,0,0,0,0,0
12/31/2013,121086.5502,121086.5502,121086.5502,0,0,0,0,0,0,0,0,0,0,0,0,0
3/31/2014,121357.045,121357.045,121357.045,0,0,0,0,0,0,0,0,1,0,0,0,0
6/30/2014,121722.1954,121722.1954,121722.1954,0,0,0,0,0,0,0,0,0,1,0,0,0
9/30/2014,122022.7889,122022.7889,122022.7889,0,0,0,0,0,0,0,0,0,0,0,0,0
12/31/2014,122244.0752,122244.0752,122244.0752,0,0,0,0,0,0,0,0,0,0,0,0,0
3/31/2015,122471.2667,122471.2667,122471.2667,0,0,0,0,0,0,0,0,0,0,1,0,0
6/30/2015,122822.6146,122822.6146,122822.6146,0,0,0,0,0,0,0,0,0,0,0,0,0
9/30/2015,123091.0865,123091.0865,123091.0865,0,0,0,0,0,0,0,0,0,0,0,1,0
12/31/2015,123362.1196,123362.1196,123362.1196,0,0,0,0,0,0,0,0,0,0,0,0,0
3/31/2016,123664.9901,123664.9901,123664.9901,0,0,0,0,0,0,0,0,0,0,0,0,0
6/30/2016,123988.131,123988.131,123988.131,0,0,0,0,0,0,0,0,0,0,0,0,0
9/30/2016,124190.0558,124190.0558,124190.0558,0,0,0,0,0,0,0,0,0,0,0,0,1
12/31/2016,124453.6231,124453.6231,124453.6231,0,0,0,0,0,0,0,0,0,0,0,0,0
3/31/2017,124773.808,124773.808,124773.808,0,0,0,0,0,0,0,0,0,0,0,0,0
6/30/2017,125112.6754,125112.6754,125112.6754,0,0,0,0,0,0,0,0,0,0,0,0,0
9/30/2017,125509.5846,125509.5846,125509.5846,0,0,0,0,0,0,0,0,0,0,0,0,0
12/31/2017,125919.6938,125919.6938,125919.6938,0,0,0,0,0,0,0,0,0,0,0,0,0
3/31/2018,126323.3606,126309.4085,126295.4564,,,,,,,,,,,,,
6/30/2018,126721.4123,126664.21,126609.8006,,,,,,,,,,,,,
9/30/2018,127104.3706,126972.9108,126848.4288,,,,,,,,,,,,,
12/31/2018,127476.8201,127237.7174,127015.9917,,,,,,,,,,,,,
3/31/2019,127847.6835,127475.6596,127129.6425,,,,,,,,,,,,,
6/30/2019,128221.1318,127698.3254,127214.6874,,,,,,,,,,,,,
9/30/2019,128601.2377,127918.5643,127288.8632,,,,,,,,,,,,,
12/31/2019,128988.4757,128142.518,127367.957,,,,,,,,,,,,,
3/31/2020,129376.2686,128373.2185,127461.2081,,,,,,,,,,,,,
6/30/2020,129759.9083,128609.6728,127567.3267,,,,,,,,,,,,,
9/30/2020,130135.8845,128851.1714,127685.1954,,,,,,,,,,,,,
12/31/2020,130506.5701,129095.7896,127813.6579,,,,,,,,,,,,,
3/31/2021,130875.3246,129348.3931,127953.4337,,,,,,,,,,,,,
6/30/2021,131241.9054,129607.1162,128099.9505,,,,,,,,,,,,,
9/30/2021,131616.1317,129879.8396,128260.2772,,,,,,,,,,,,,
12/31/2021,131998.1649,130168.0066,128435.2035,,,,,,,,,,,,,
3/31/2022,132382.5739,130465.8346,128619.8206,,,,,,,,,,,,,
6/30/2022,132772.5127,130776.004,128818.261,,,,,,,,,,,,,
9/30/2022,133166.6442,131098.0413,129031.2896,,,,,,,,,,,,,
12/31/2022,133565.6583,131431.6156,129259.829,,,,,,,,,,,,,
3/31/2023,133968.6334,131775.5897,129503.7622,,,,,,,,,,,,,
6/30/2023,134373.5331,132127.8906,129761.6757,,,,,,,,,,,,,
9/30/2023,134779.1443,132487.2255,130032.7753,,,,,,,,,,,,,
12/31/2023,135185.8742,132853.1683,130316.8138,,,,,,,,,,,,,
3/31/2024,135595.2412,133226.3897,130614.5395,,,,,,,,,,,,,
6/30/2024,136005.5159,133606.6978,130925.726,,,,,,,,,,,,,
9/30/2024,136416.1986,133993.9602,131250.1436,,,,,,,,,,,,,
12/31/2024,136827.717,134385.9924,131585.3876,,,,,,,,,,,,,
3/31/2025,137238.0728,134780.8776,131929.223,,,,,,,,,,,,,
6/30/2025,137646.4489,135176.8763,132279.5073,,,,,,,,,,,,,
9/30/2025,138051.9224,135572.2643,132634.0807,,,,,,,,,,,,,
12/31/2025,138453.4217,135966.4397,132991.9589,,,,,,,,,,,,,
3/31/2026,138851.9364,136359.6939,133353.0184,,,,,,,,,,,,,
6/30/2026,139248.3238,136752.0397,133716.8273,,,,,,,,,,,,,
9/30/2026,139643.6021,137142.9937,134082.4056,,,,,,,,,,,,,
12/31/2026,140037.9215,137532.6008,134449.1741,,,,,,,,,,,,,
3/31/2027,140431.0527,137920.5532,134816.193,,,,,,,,,,,,,
6/30/2027,140822.816,138306.5271,135182.5248,,,,,,,,,,,,,
9/30/2027,141212.7723,138690.4187,135547.5077,,,,,,,,,,,,,
12/31/2027,141599.8925,139071.4821,135909.9856,,,,,,,,,,,,,
3/31/2028,141983.6144,139449.0422,136268.9657,,,,,,,,,,,,,
6/30/2028,142362.7605,139821.9692,136624.8397,,,,,,,,,,,,,
9/30/2028,142737.0752,140189.9919,136977.229,,,,,,,,,,,,,
12/31/2028,143107.7216,140554.0586,137327.0315,,,,,,,,,,,,,
3/31/2029,143476.221,140915.5991,137676.531,,,,,,,,,,,,,
6/30/2029,143844.2679,141276.0998,138026.4137,,,,,,,,,,,,,
9/30/2029,144212.9129,141636.6749,138378.2391,,,,,,,,,,,,,
12/31/2029,144581.5931,141996.7906,138731.7085,,,,,,,,,,,,,
3/31/2030,144949.2946,142355.2924,139084.1878,,,,,,,,,,,,,
6/30/2030,145314.2722,142710.6683,139433.7312,,,,,,,,,,,,,
9/30/2030,145675.3816,143061.9064,139779.0928,,,,,,,,,,,,,
12/31/2030,146032.9906,143409.4113,140120.2481,,,,,,,,,,,,,
3/31/2031,146388.0464,143754.2188,140458.3092,,,,,,,,,,,,,
6/30/2031,146741.6873,144097.4931,140794.5195,,,,,,,,,,,,,
9/30/2031,147094.5826,144439.8997,141129.5863,,,,,,,,,,,,,
12/31/2031,147446.4473,144781.2255,141463.4905,,,,,,,,,,,,,
3/31/2032,147796.8708,145121.116,141795.9798,,,,,,,,,,,,,
6/30/2032,148145.3136,145459.0787,142126.5892,,,,,,,,,,,,,
9/30/2032,148491.4772,145794.8513,142455.0563,,,,,,,,,,,,,
12/31/2032,148834.7514,146127.7978,142780.6402,,,,,,,,,,,,,
3/31/2033,149174.9404,146457.6687,143102.9755,,,,,,,,,,,,,
6/30/2033,149512.0531,146784.4193,143421.9148,,,,,,,,,,,,,
9/30/2033,149846.0039,147107.9162,143737.2533,,,,,,,,,,,,,
12/31/2033,150177.7419,147429.1127,144049.9791,,,,,,,,,,,,,
3/31/2034,150508.1275,147748.8909,144361.039,,,,,,,,,,,,,
6/30/2034,150838.351,148068.471,144671.709,,,,,,,,,,,,,
9/30/2034,151168.6674,148388.1366,144982.3267,,,,,,,,,,,,,
12/31/2034,151498.7451,148707.5713,145292.599,,,,,,,,,,,,,
3/31/2035,151827.7551,149025.9644,145601.7319,,,,,,,,,,,,,
6/30/2035,152154.593,149342.2398,145908.6602,,,,,,,,,,,,,
9/30/2035,152478.591,149655.755,146212.7535,,,,,,,,,,,,,
12/31/2035,152799.9298,149966.7117,146514.2284,,,,,,,,,,,,,
3/31/2036,153119.0253,150275.5444,146813.5366,,,,,,,,,,,,,
6/30/2036,153436.1855,150582.5766,147111.0237,,,,,,,,,,,,,
9/30/2036,153751.7696,150888.1856,147407.0923,,,,,,,,,,,,,
12/31/2036,154065.9135,151192.5189,147701.9159,,,,,,,,,,,,,
3/31/2037,154378.3985,151495.366,147995.3149,,,,,,,,,,,,,
6/30/2037,154689.5452,151797.0592,148287.6501,,,,,,,,,,,,,
9/30/2037,154999.2518,152097.5041,148578.8547,,,,,,,,,,,,,
12/31/2037,155306.9888,152396.1596,148868.38,,,,,,,,,,,,,
3/31/2038,155612.3304,152692.5786,149155.7653,,,,,,,,,,,,,
6/30/2038,155914.8655,152986.3237,149440.5628,,,,,,,,,,,,,
9/30/2038,156214.8027,153277.5872,149722.9604,,,,,,,,,,,,,
12/31/2038,156512.76,153566.998,150003.6331,,,,,,,,,,,,,
3/31/2039,156808.9715,153854.8227,150282.8995,,,,,,,,,,,,,
6/30/2039,157104.5055,154142.1546,150561.9027,,,,,,,,,,,,,
9/30/2039,157399.2882,154428.9326,150840.6123,,,,,,,,,,,,,
12/31/2039,157692.3886,154714.1995,151118.025,,,,,,,,,,,,,
3/31/2040,157983.9588,154998.0551,151394.1687,,,,,,,,,,,,,
6/30/2040,158272.8276,155279.2725,151667.7488,,,,,,,,,,,,,
9/30/2040,158558.3809,155557.2044,151938.059,,,,,,,,,,,,,
12/31/2040,158841.3343,155832.5605,152205.7959,,,,,,,,,,,,,
3/31/2041,159122.0304,156105.6862,152471.3083,,,,,,,,,,,,,
6/30/2041,159401.1712,156377.2852,152735.3,,,,,,,,,,,,,
9/30/2041,159679.5623,156648.1626,152998.5728,,,,,,,,,,,,,
12/31/2041,159957.1865,156918.2993,153261.0921,,,,,,,,,,,,,
3/31/2042,160234.2954,157187.9277,153523.0705,,,,,,,,,,,,,
6/30/2042,160510.8708,157457.0213,153784.4571,,,,,,,,,,,,,
9/30/2042,160786.4955,157725.1211,154044.8124,,,,,,,,,,,,,
12/31/2042,161061.0599,157992.0799,154303.9477,,,,,,,,,,,,,
3/31/2043,161334.5665,158257.8636,154561.7837,,,,,,,,,,,,,
6/30/2043,161607.5362,158522.9731,154818.7736,,,,,,,,,,,,,
9/30/2043,161880.4429,158787.796,155075.3157,,,,,,,,,,,,,
12/31/2043,162153.8271,159052.8804,155331.9656,,,,,,,,,,,,,
3/31/2044,162428.5284,159319.0767,155589.5897,,,,,,,,,,,,,
6/30/2044,162704.8605,159586.7136,155848.5322,,,,,,,,,,,,,
9/30/2044,162982.7288,159855.7313,156108.7417,,,,,,,,,,,,,
12/31/2044,163261.837,160125.8859,156370.0064,,,,,,,,,,,,,
3/31/2045,163541.1389,160396.1976,156631.382,,,,,,,,,,,,,
6/30/2045,163819.257,160665.3599,156891.598,,,,,,,,,,,,,
9/30/2045,164095.078,160932.3012,157149.6232,,,,,,,,,,,,,
12/31/2045,164368.5847,161197.0221,157405.4572,,,,,,,,,,,,,
3/31/2046,164639.8304,161459.5832,157659.1515,,,,,,,,,,,,,
6/30/2046,164909.1729,161720.3414,157911.0597,,,,,,,,,,,,,
9/30/2046,165176.681,161979.3666,158161.259,,,,,,,,,,,,,
12/31/2046,165441.9189,162236.2479,158409.3785,,,,,,,,,,,,,
3/31/2047,165705.0234,162491.1413,158655.6212,,,,,,,,,,,,,
6/30/2047,165966.5608,162744.6258,158900.6127,,,,,,,,,,,,,
9/30/2047,166226.7817,162996.9746,159144.6588,,,,,,,,,,,,,
12/31/2047,166486.2792,163248.7766,159388.3566,,,,,,,,,,,,,
